{
  "HTTP Request-1" : {
    "transaction" : "HTTP Request-1",
    "sampleCount" : 10000,
    "errorCount" : 0,
    "errorPct" : 0.0,
    "meanResTime" : 28.410099999999876,
    "medianResTime" : 25.0,
    "minResTime" : 0.0,
    "maxResTime" : 102.0,
    "pct1ResTime" : 56.0,
    "pct2ResTime" : 72.0,
    "pct3ResTime" : 82.0,
    "throughput" : 8025.6821829855535,
    "receivedKBytesPerSec" : 13778.466091492777,
    "sentKBytesPerSec" : 956.1847913322632
  },
  "Total" : {
    "transaction" : "Total",
    "sampleCount" : 30000,
    "errorCount" : 0,
    "errorPct" : 0.0,
    "meanResTime" : 40.15910000000014,
    "medianResTime" : 32.0,
    "minResTime" : 0.0,
    "maxResTime" : 178.0,
    "pct1ResTime" : 75.0,
    "pct2ResTime" : 88.0,
    "pct3ResTime" : 116.0,
    "throughput" : 23148.14814814815,
    "receivedKBytesPerSec" : 34119.40586419753,
    "sentKBytesPerSec" : 3858.0246913580245
  },
  "HTTP Request-0" : {
    "transaction" : "HTTP Request-0",
    "sampleCount" : 10000,
    "errorCount" : 0,
    "errorPct" : 0.0,
    "meanResTime" : 31.734700000000117,
    "medianResTime" : 29.0,
    "minResTime" : 0.0,
    "maxResTime" : 110.0,
    "pct1ResTime" : 66.0,
    "pct2ResTime" : 74.0,
    "pct3ResTime" : 90.0,
    "throughput" : 7716.049382716049,
    "receivedKBytesPerSec" : 3812.8134645061727,
    "sentKBytesPerSec" : 1009.717399691358
  },
  "HTTP Request" : {
    "transaction" : "HTTP Request",
    "sampleCount" : 10000,
    "errorCount" : 0,
    "errorPct" : 0.0,
    "meanResTime" : 60.33249999999979,
    "medianResTime" : 58.0,
    "minResTime" : 0.0,
    "maxResTime" : 178.0,
    "pct1ResTime" : 107.0,
    "pct2ResTime" : 119.0,
    "pct3ResTime" : 154.0,
    "throughput" : 7716.049382716049,
    "receivedKBytesPerSec" : 17059.702932098764,
    "sentKBytesPerSec" : 1929.0123456790122
  }
}